Grissel,Cyster,4 Granby Lane,582-962-0745,gcyster0@rakuten.co.jp,154,311,4/12/2022,77354,true,true,3,true,6/29/2022,Casselman,54648 Sauthoff Junction
Lucien,Savell,84 8th Court,703-623-9145,lsavell1@google.pl,177,683,4/5/2022,88425,false,false,43,false,12/10/2022,Goshogawara,0782 Crest Line Court
Carly,Philbrick,3 Portage Parkway,326-966-5005,cphilbrick2@cbsnews.com,164,478,4/15/2022,37455,true,true,33,true,4/4/2022,Liuzhi,7175 Red Cloud Parkway
Geoffry,Santoro,8576 Claremont Place,672-290-8553,gsantoro3@jigsy.com,30,470,5/11/2022,20277,true,false,36,true,8/27/2022,Zafarwāl,7269 High Crossing Street
Jessie,Dearan,8 Miller Street,952-949-3573,jdearan4@apple.com,68,564,4/8/2022,98702,true,false,10,false,1/23/2023,Tchamba,7701 Brickson Park Avenue
Raymund,Marfield,8 Caliangt Circle,864-813-3227,rmarfield5@yahoo.co.jp,19,655,9/14/2022,24113,true,false,44,true,8/8/2022,Pran Buri,656 7th Circle
Lisbeth,Ratledge,260 Esker Plaza,953-148-6263,lratledge6@rambler.ru,34,72,11/11/2022,6389,false,false,16,true,3/29/2022,Nong Phok,9 Vahlen Trail
Paulina,Stennes,5057 Ridge Oak Plaza,118-158-9875,pstennes7@exblog.jp,175,202,3/14/2022,30773,true,false,16,true,7/11/2022,Mazowe,0795 Sutherland Place
Riki,Weatherhogg,774 Melvin Trail,938-128-5024,rweatherhogg8@infoseek.co.jp,192,555,4/24/2022,76201,false,false,48,false,2/26/2023,Montesson,76 Cherokee Park
Crysta,Cometto,687 Schmedeman Court,188-975-9849,ccometto9@webs.com,53,501,9/9/2022,65731,true,true,41,false,3/3/2023,Ajman,51 Walton Pass
Worden,Sarginson,12 Hanson Court,744-220-3512,wsarginsona@fc2.com,124,858,7/19/2022,42936,true,true,4,true,7/17/2022,Mahuta,6 Crownhardt Parkway
Caria,Ladds,19 Mockingbird Terrace,470-505-2698,claddsb@feedburner.com,104,57,7/16/2022,95012,false,false,10,false,10/9/2022,Pagelaran,41 Nova Avenue
Zabrina,Bramble,570 Brown Parkway,418-321-8785,zbramblec@issuu.com,6,621,6/20/2022,13837,true,true,30,true,6/13/2022,Chernelytsya,8468 Mccormick Avenue
Marsh,Padgham,2897 Farwell Avenue,736-886-7733,mpadghamd@gnu.org,22,189,10/20/2022,23845,true,true,36,true,1/12/2023,Al Qiţena,5 Steensland Hill
Salomi,Garber,26123 Melvin Street,664-429-5949,sgarbere@cam.ac.uk,30,835,4/30/2022,559,true,false,34,false,7/28/2022,Azenhas do Mar,24 Badeau Drive
Catha,Kinchlea,05 Vera Plaza,836-631-6614,ckinchleaf@alibaba.com,80,595,9/4/2022,11343,true,false,1,true,10/27/2022,Tarimbang,99 Rieder Plaza
Giselbert,Dunston,48058 Waubesa Drive,735-529-2117,gdunstong@icq.com,35,580,5/16/2022,45908,false,true,50,true,8/22/2022,Simpang,15 Hazelcrest Terrace
Guillemette,Derrick,8 Toban Crossing,572-707-6618,gderrickh@live.com,50,325,11/26/2022,54396,true,false,27,false,1/14/2023,Ban Bang Kadi Pathum Thani,532 Kedzie Alley
Olympie,Bugler,075 Bobwhite Lane,724-790-2612,obugleri@godaddy.com,200,84,1/6/2023,39764,true,true,21,false,7/19/2022,Piedras,8085 Straubel Hill
Thatch,Pinck,376 Algoma Point,934-972-5979,tpinckj@ustream.tv,56,480,6/23/2022,56834,false,false,16,false,2/25/2023,Meicheng,2449 Old Gate Hill
