Grissel,Cyster,4 Granby Lane,582-962-0745,gcyster0@rakuten.co.jp,,311,,77354,FALSE,TRUE,3,TRUE,2022-05-11 22:42:05,Denver,4374 Pennsylvania Court
Lucien,Savell,84 8th Court,703-623-9145,lsavell1@google.pl,,683,,88425,FALSE,TRUE,43,TRUE,2022-11-24 04:49:41,Denver,4374 Pennsylvania Court
Carly,Philbrick,3 Portage Parkway,326-966-5005,cphilbrick2@cbsnews.com,45,478,2022-06-15 20:40:54,37455,TRUE,TRUE,33,TRUE,2022-05-16 00:14:29,Denver,4374 Pennsylvania Court
Geoffry,Santoro,8576 Claremont Place,672-290-8553,gsantoro3@jigsy.com,,470,,20277,FALSE,TRUE,36,TRUE,2022-10-02 19:58:20,Denver,4374 Pennsylvania Court
Jessie,Dearan,8 Miller Street,952-949-3573,jdearan4@apple.com,,564,,98702,FALSE,TRUE,10,TRUE,2022-09-16 10:06:21,Denver,4374 Pennsylvania Court
Raymund,Marfield,8 Caliangt Circle,864-813-3227,rmarfield5@yahoo.co.jp,,655,,24113,FALSE,TRUE,44,TRUE,2022-08-06 17:15:23,Denver,4374 Pennsylvania Court
Lisbeth,Ratledge,260 Esker Plaza,953-148-6263,lratledge6@rambler.ru,8,72,2023-01-02 23:30:18,6389,TRUE,TRUE,16,TRUE,2022-10-05 20:50:45,Denver,4374 Pennsylvania Court
Paulina,Stennes,5057 Ridge Oak Plaza,118-158-9875,pstennes7@exblog.jp,,202,,30773,FALSE,TRUE,16,TRUE,2022-03-30 00:53:58,Columbus,73392 Redwing Hill
Riki,Weatherhogg,774 Melvin Trail,938-128-5024,rweatherhogg8@infoseek.co.jp,,555,,76201,FALSE,TRUE,48,TRUE,2022-09-07 23:59:51,Columbus,73392 Redwing Hill
Crysta,Cometto,687 Schmedeman Court,188-975-9849,ccometto9@webs.com,21,501,2022-12-26 01:05:49,65731,TRUE,TRUE,41,TRUE,2022-10-20 02:03:19,Columbus,73392 Redwing Hill
Worden,Sarginson,12 Hanson Court,744-220-3512,wsarginsona@fc2.com,,858,,42936,FALSE,TRUE,4,TRUE,2022-03-30 13:41:24,Columbus,73392 Redwing Hill
Caria,Ladds,19 Mockingbird Terrace,470-505-2698,claddsb@feedburner.com,,57,,95012,FALSE,TRUE,10,TRUE,2022-08-08 01:45:06,Chicago,98409 Artisan Terrace
Zabrina,Bramble,570 Brown Parkway,418-321-8785,zbramblec@issuu.com,,621,,13837,FALSE,TRUE,30,TRUE,2022-08-06 17:15:23,Chicago,98409 Artisan Terrace
Marsh,Padgham,2897 Farwell Avenue,736-886-7733,mpadghamd@gnu.org,,189,,23845,FALSE,TRUE,36,TRUE,2022-10-02 19:58:20,Chicago,98409 Artisan Terrace
Salomi,Garber,26123 Melvin Street,664-429-5949,sgarbere@cam.ac.uk,30,,2022-12-26 01:05:49,559,TRUE,FALSE,34,TRUE,,Denver,4374 Pennsylvania Court
Catha,Kinchlea,05 Vera Plaza,836-631-6614,ckinchleaf@alibaba.com,80,,2022-07-05 12:02:15,11343,TRUE,FALSE,1,TRUE,,Denver,4374 Pennsylvania Court
Giselbert,Dunston,48058 Waubesa Drive,735-529-2117,gdunstong@icq.com,35,,2023-01-02 23:30:18,45908,TRUE,FALSE,50,TRUE,,Chicago,98409 Artisan Terrace
Guillemette,Derrick,8 Toban Crossing,572-707-6618,gderrickh@live.com,50,,2022-04-30 09:22:49,54396,TRUE,FALSE,27,TRUE,,Chicago,98409 Artisan Terrace
Olympie,Bugler,075 Bobwhite Lane,724-790-2612,obugleri@godaddy.com,200,,2022-06-15 20:40:54,39764,TRUE,FALSE,21,TRUE,,Columbus,73392 Redwing Hill
Thatch,Pinck,376 Algoma Point,934-972-5979,tpinckj@ustream.tv,56,,2022-10-23 05:43:31,56834,TRUE,FALSE,16,TRUE,,Columbus,73392 Redwing Hill
